-- GO TÍM — dữ liệu thật từ Excel báo cáo T7/2026. Chạy trong Supabase SQL Editor.
-- Sinh tự động bởi tools/build_import_sql.py — KIỂM TRA trước khi chạy (có xóa dữ liệu mẫu).

-- 5a. Thêm cột hồ sơ tài xế (nếu chưa có)
alter table users add column if not exists dob text;
alter table users add column if not exists deposit_note text;
alter table users add column if not exists uniform_note text;
alter table users add column if not exists ao_so text;
alter table users add column if not exists ao_size text;
alter table users add column if not exists ao_soluong int;
create table if not exists driver_monthly_stats (
  id text primary key, driver_id text references users(id) on delete cascade,
  month text not null, orders int default 0, income int default 0, rank int, created_at timestamptz default now());

-- 5b. Xóa tài xế mẫu (giữ admin), rồi nạp 23 tài xế thật
delete from users where role = 'driver';
insert into users (id, name, phone, role, status, cccd, dob, deposit_note, uniform_note, commission_type, commission_value, wallet, created_at) values ('tx1', 'Nguyễn Nhựt Linh', '0943759394', 'driver', 'active', '095097005650', NULL, 'Miễn', '260', 'percent', 20, 0, now()) on conflict (id) do update set name=excluded.name, phone=excluded.phone, status=excluded.status, cccd=excluded.cccd, dob=excluded.dob, deposit_note=excluded.deposit_note, uniform_note=excluded.uniform_note;
insert into users (id, name, phone, role, status, cccd, dob, deposit_note, uniform_note, commission_type, commission_value, wallet, created_at) values ('tx2', 'Mai Thanh Đủ', NULL, 'driver', 'active', '095099000445', '01/05/1999', 'Miễn', '100+160', 'percent', 20, 0, now()) on conflict (id) do update set name=excluded.name, phone=excluded.phone, status=excluded.status, cccd=excluded.cccd, dob=excluded.dob, deposit_note=excluded.deposit_note, uniform_note=excluded.uniform_note;
insert into users (id, name, phone, role, status, cccd, dob, deposit_note, uniform_note, commission_type, commission_value, wallet, created_at) values ('tx3', 'Bùi Đăng Khoa', '0987956741', 'driver', 'paused', '095203001630', '18/10/2003', 'Miễn', '260', 'percent', 20, 0, now()) on conflict (id) do update set name=excluded.name, phone=excluded.phone, status=excluded.status, cccd=excluded.cccd, dob=excluded.dob, deposit_note=excluded.deposit_note, uniform_note=excluded.uniform_note;
insert into users (id, name, phone, role, status, cccd, dob, deposit_note, uniform_note, commission_type, commission_value, wallet, created_at) values ('tx4', 'Dương Văn Triệu', '0392997004', 'driver', 'active', NULL, NULL, 'Miễn', NULL, 'percent', 20, 0, now()) on conflict (id) do update set name=excluded.name, phone=excluded.phone, status=excluded.status, cccd=excluded.cccd, dob=excluded.dob, deposit_note=excluded.deposit_note, uniform_note=excluded.uniform_note;
insert into users (id, name, phone, role, status, cccd, dob, deposit_note, uniform_note, commission_type, commission_value, wallet, created_at) values ('tx5', 'Nguyễn Văn Bằng', '0941871061', 'driver', 'active', '095204006223', '04/07/2004', 'Miễn', '260', 'percent', 20, 0, now()) on conflict (id) do update set name=excluded.name, phone=excluded.phone, status=excluded.status, cccd=excluded.cccd, dob=excluded.dob, deposit_note=excluded.deposit_note, uniform_note=excluded.uniform_note;
insert into users (id, name, phone, role, status, cccd, dob, deposit_note, uniform_note, commission_type, commission_value, wallet, created_at) values ('tx6', 'Nguyễn Hoài Khương', '0832282280', 'driver', 'active', '095208010180', '23/02/2008', '200+', '260', 'percent', 20, 0, now()) on conflict (id) do update set name=excluded.name, phone=excluded.phone, status=excluded.status, cccd=excluded.cccd, dob=excluded.dob, deposit_note=excluded.deposit_note, uniform_note=excluded.uniform_note;
insert into users (id, name, phone, role, status, cccd, dob, deposit_note, uniform_note, commission_type, commission_value, wallet, created_at) values ('tx7', 'Trần Thành Nghiêm', NULL, 'driver', 'paused', '095092004544', '03/11/1992', '500', '260', 'percent', 20, 0, now()) on conflict (id) do update set name=excluded.name, phone=excluded.phone, status=excluded.status, cccd=excluded.cccd, dob=excluded.dob, deposit_note=excluded.deposit_note, uniform_note=excluded.uniform_note;
insert into users (id, name, phone, role, status, cccd, dob, deposit_note, uniform_note, commission_type, commission_value, wallet, created_at) values ('tx8', 'Nguyễn Cao Sang', NULL, 'driver', 'paused', NULL, NULL, '500', '260', 'percent', 20, 0, now()) on conflict (id) do update set name=excluded.name, phone=excluded.phone, status=excluded.status, cccd=excluded.cccd, dob=excluded.dob, deposit_note=excluded.deposit_note, uniform_note=excluded.uniform_note;
insert into users (id, name, phone, role, status, cccd, dob, deposit_note, uniform_note, commission_type, commission_value, wallet, created_at) values ('tx9', 'Hồ Sĩ Kiệt', NULL, 'driver', 'paused', '095203008168', '01/01/2003', '500', '260', 'percent', 20, 0, now()) on conflict (id) do update set name=excluded.name, phone=excluded.phone, status=excluded.status, cccd=excluded.cccd, dob=excluded.dob, deposit_note=excluded.deposit_note, uniform_note=excluded.uniform_note;
insert into users (id, name, phone, role, status, cccd, dob, deposit_note, uniform_note, commission_type, commission_value, wallet, created_at) values ('tx10', 'Lê Văn Tỷ', '0333066944', 'driver', 'active', '095203007036', '11/12/2003', '500', '260', 'percent', 20, 0, now()) on conflict (id) do update set name=excluded.name, phone=excluded.phone, status=excluded.status, cccd=excluded.cccd, dob=excluded.dob, deposit_note=excluded.deposit_note, uniform_note=excluded.uniform_note;
insert into users (id, name, phone, role, status, cccd, dob, deposit_note, uniform_note, commission_type, commission_value, wallet, created_at) values ('tx11', 'Nguyễn Duy Kha', '0335508224', 'driver', 'active', '095096006669', '01/01/1996', '500', NULL, 'percent', 20, 0, now()) on conflict (id) do update set name=excluded.name, phone=excluded.phone, status=excluded.status, cccd=excluded.cccd, dob=excluded.dob, deposit_note=excluded.deposit_note, uniform_note=excluded.uniform_note;
insert into users (id, name, phone, role, status, cccd, dob, deposit_note, uniform_note, commission_type, commission_value, wallet, created_at) values ('tx12', 'Nguyễn Hoàng Ngô', '0944824781', 'driver', 'active', '095086001108', '01/01/1986', '500', '260', 'percent', 20, 0, now()) on conflict (id) do update set name=excluded.name, phone=excluded.phone, status=excluded.status, cccd=excluded.cccd, dob=excluded.dob, deposit_note=excluded.deposit_note, uniform_note=excluded.uniform_note;
insert into users (id, name, phone, role, status, cccd, dob, deposit_note, uniform_note, commission_type, commission_value, wallet, created_at) values ('tx13', 'Dư Thanh Nhật', NULL, 'driver', 'active', '095099007661', '16/09/1999', NULL, NULL, 'percent', 20, 0, now()) on conflict (id) do update set name=excluded.name, phone=excluded.phone, status=excluded.status, cccd=excluded.cccd, dob=excluded.dob, deposit_note=excluded.deposit_note, uniform_note=excluded.uniform_note;
insert into users (id, name, phone, role, status, cccd, dob, deposit_note, uniform_note, commission_type, commission_value, wallet, created_at) values ('tx14', 'Nguyễn Chí Thiện', NULL, 'driver', 'active', '095200009412', '20/09/2000', NULL, '260', 'percent', 20, 0, now()) on conflict (id) do update set name=excluded.name, phone=excluded.phone, status=excluded.status, cccd=excluded.cccd, dob=excluded.dob, deposit_note=excluded.deposit_note, uniform_note=excluded.uniform_note;
insert into users (id, name, phone, role, status, cccd, dob, deposit_note, uniform_note, commission_type, commission_value, wallet, created_at) values ('tx15', 'Nguyễn Quốc Anh', NULL, 'driver', 'paused', '095094007943', '01/01/1994', NULL, NULL, 'percent', 20, 0, now()) on conflict (id) do update set name=excluded.name, phone=excluded.phone, status=excluded.status, cccd=excluded.cccd, dob=excluded.dob, deposit_note=excluded.deposit_note, uniform_note=excluded.uniform_note;
insert into users (id, name, phone, role, status, cccd, dob, deposit_note, uniform_note, commission_type, commission_value, wallet, created_at) values ('tx16', 'Nguyễn Viên Thiên Lộc', NULL, 'driver', 'active', NULL, NULL, NULL, NULL, 'percent', 20, 0, now()) on conflict (id) do update set name=excluded.name, phone=excluded.phone, status=excluded.status, cccd=excluded.cccd, dob=excluded.dob, deposit_note=excluded.deposit_note, uniform_note=excluded.uniform_note;
insert into users (id, name, phone, role, status, cccd, dob, deposit_note, uniform_note, commission_type, commission_value, wallet, created_at) values ('tx17', 'Nguyễn Huy Vẹn', NULL, 'driver', 'paused', '0892040011668', '25/07/2004', '500', '260', 'percent', 20, 0, now()) on conflict (id) do update set name=excluded.name, phone=excluded.phone, status=excluded.status, cccd=excluded.cccd, dob=excluded.dob, deposit_note=excluded.deposit_note, uniform_note=excluded.uniform_note;
insert into users (id, name, phone, role, status, cccd, dob, deposit_note, uniform_note, commission_type, commission_value, wallet, created_at) values ('tx18', 'Nguyễn Quốc Phong', '0941828937', 'driver', 'active', NULL, NULL, NULL, NULL, 'percent', 20, 0, now()) on conflict (id) do update set name=excluded.name, phone=excluded.phone, status=excluded.status, cccd=excluded.cccd, dob=excluded.dob, deposit_note=excluded.deposit_note, uniform_note=excluded.uniform_note;
insert into users (id, name, phone, role, status, cccd, dob, deposit_note, uniform_note, commission_type, commission_value, wallet, created_at) values ('tx19', 'Huỳnh Hữu Nghĩa', '0989442572', 'driver', 'active', '092091002214', '06/08/1991', '500', '260', 'percent', 20, 0, now()) on conflict (id) do update set name=excluded.name, phone=excluded.phone, status=excluded.status, cccd=excluded.cccd, dob=excluded.dob, deposit_note=excluded.deposit_note, uniform_note=excluded.uniform_note;
insert into users (id, name, phone, role, status, cccd, dob, deposit_note, uniform_note, commission_type, commission_value, wallet, created_at) values ('tx20', 'Trần Thanh Võ', '0387405002', 'driver', 'active', '095203004970', '09/02/2003', '500', '260', 'percent', 20, 0, now()) on conflict (id) do update set name=excluded.name, phone=excluded.phone, status=excluded.status, cccd=excluded.cccd, dob=excluded.dob, deposit_note=excluded.deposit_note, uniform_note=excluded.uniform_note;
insert into users (id, name, phone, role, status, cccd, dob, deposit_note, uniform_note, commission_type, commission_value, wallet, created_at) values ('tx21', 'Nguyễn Tấn Kiệt', '0817952955', 'driver', 'paused', NULL, NULL, NULL, NULL, 'percent', 20, 0, now()) on conflict (id) do update set name=excluded.name, phone=excluded.phone, status=excluded.status, cccd=excluded.cccd, dob=excluded.dob, deposit_note=excluded.deposit_note, uniform_note=excluded.uniform_note;
insert into users (id, name, phone, role, status, cccd, dob, deposit_note, uniform_note, commission_type, commission_value, wallet, created_at) values ('tx22', 'Nguyễn Trí Thoại', NULL, 'driver', 'active', NULL, NULL, '500', '260', 'percent', 20, 0, now()) on conflict (id) do update set name=excluded.name, phone=excluded.phone, status=excluded.status, cccd=excluded.cccd, dob=excluded.dob, deposit_note=excluded.deposit_note, uniform_note=excluded.uniform_note;
insert into users (id, name, phone, role, status, cccd, dob, deposit_note, uniform_note, commission_type, commission_value, wallet, created_at) values ('tx23', 'Huỳnh Hoàng Lĩnh', NULL, 'driver', 'active', '095203006005', '09/12/2003', '500', '260', 'percent', 20, 0, now()) on conflict (id) do update set name=excluded.name, phone=excluded.phone, status=excluded.status, cccd=excluded.cccd, dob=excluded.dob, deposit_note=excluded.deposit_note, uniform_note=excluded.uniform_note;

-- 5c. Doanh thu tháng 2026-07 (đã ghép theo tên; bỏ tài xế không có hồ sơ)
insert into driver_monthly_stats (id, driver_id, month, orders, income, rank) values ('ms_2026-07_tx1', 'tx1', '2026-07', 16, 721000, 6) on conflict (id) do update set orders=excluded.orders, income=excluded.income, rank=excluded.rank;
insert into driver_monthly_stats (id, driver_id, month, orders, income, rank) values ('ms_2026-07_tx2', 'tx2', '2026-07', 23, 671000, 8) on conflict (id) do update set orders=excluded.orders, income=excluded.income, rank=excluded.rank;
insert into driver_monthly_stats (id, driver_id, month, orders, income, rank) values ('ms_2026-07_tx6', 'tx6', '2026-07', 47, 1177000, 1) on conflict (id) do update set orders=excluded.orders, income=excluded.income, rank=excluded.rank;
insert into driver_monthly_stats (id, driver_id, month, orders, income, rank) values ('ms_2026-07_tx4', 'tx4', '2026-07', 29, 1074000, 2) on conflict (id) do update set orders=excluded.orders, income=excluded.income, rank=excluded.rank;
insert into driver_monthly_stats (id, driver_id, month, orders, income, rank) values ('ms_2026-07_tx10', 'tx10', '2026-07', 3, 149000, 15) on conflict (id) do update set orders=excluded.orders, income=excluded.income, rank=excluded.rank;
insert into driver_monthly_stats (id, driver_id, month, orders, income, rank) values ('ms_2026-07_tx11', 'tx11', '2026-07', 24, 877000, 3) on conflict (id) do update set orders=excluded.orders, income=excluded.income, rank=excluded.rank;
insert into driver_monthly_stats (id, driver_id, month, orders, income, rank) values ('ms_2026-07_tx12', 'tx12', '2026-07', 10, 299000, 12) on conflict (id) do update set orders=excluded.orders, income=excluded.income, rank=excluded.rank;
insert into driver_monthly_stats (id, driver_id, month, orders, income, rank) values ('ms_2026-07_tx13', 'tx13', '2026-07', 0, 0, 17) on conflict (id) do update set orders=excluded.orders, income=excluded.income, rank=excluded.rank;
insert into driver_monthly_stats (id, driver_id, month, orders, income, rank) values ('ms_2026-07_tx14', 'tx14', '2026-07', 31, 801000, 4) on conflict (id) do update set orders=excluded.orders, income=excluded.income, rank=excluded.rank;
insert into driver_monthly_stats (id, driver_id, month, orders, income, rank) values ('ms_2026-07_tx18', 'tx18', '2026-07', 6, 219000, 14) on conflict (id) do update set orders=excluded.orders, income=excluded.income, rank=excluded.rank;
insert into driver_monthly_stats (id, driver_id, month, orders, income, rank) values ('ms_2026-07_tx19', 'tx19', '2026-07', 29, 797000, 5) on conflict (id) do update set orders=excluded.orders, income=excluded.income, rank=excluded.rank;
insert into driver_monthly_stats (id, driver_id, month, orders, income, rank) values ('ms_2026-07_tx16', 'tx16', '2026-07', 13, 338000, 11) on conflict (id) do update set orders=excluded.orders, income=excluded.income, rank=excluded.rank;
insert into driver_monthly_stats (id, driver_id, month, orders, income, rank) values ('ms_2026-07_tx22', 'tx22', '2026-07', 23, 604000, 9) on conflict (id) do update set orders=excluded.orders, income=excluded.income, rank=excluded.rank;
insert into driver_monthly_stats (id, driver_id, month, orders, income, rank) values ('ms_2026-07_tx23', 'tx23', '2026-07', 25, 720000, 7) on conflict (id) do update set orders=excluded.orders, income=excluded.income, rank=excluded.rank;
insert into driver_monthly_stats (id, driver_id, month, orders, income, rank) values ('ms_2026-07_tx20', 'tx20', '2026-07', 18, 472000, 10) on conflict (id) do update set orders=excluded.orders, income=excluded.income, rank=excluded.rank;
insert into driver_monthly_stats (id, driver_id, month, orders, income, rank) values ('ms_2026-07_tx5', 'tx5', '2026-07', 2, 46000, 16) on conflict (id) do update set orders=excluded.orders, income=excluded.income, rank=excluded.rank;

-- 5d. Công nợ khách (gán tài xế đầu tiên gánh; NULL nếu không khớp tên)
insert into debts (id, driver_id, amount, customer_name, status, note, date, created_at) values ('exdebt0', 'tx20', 36000, 'Nguyễn Lý', 'pending', 'Nhập từ Excel T7', '27/05/2026', now()) on conflict (id) do nothing;
insert into debts (id, driver_id, amount, customer_name, status, note, date, created_at) values ('exdebt1', 'tx3', 66000, 'Phong Đen', 'resolved', 'Nhập từ Excel T7', '01/06/2026', now()) on conflict (id) do nothing;
insert into debts (id, driver_id, amount, customer_name, status, note, date, created_at) values ('exdebt2', 'tx3', 50000, 'Phong Đen', 'resolved', 'Nhập từ Excel T7', '01/06/2026', now()) on conflict (id) do nothing;
insert into debts (id, driver_id, amount, customer_name, status, note, date, created_at) values ('exdebt3', 'tx20', 36000, 'Duy Phương', 'resolved', 'Nhập từ Excel T7', '01/06/2026', now()) on conflict (id) do nothing;
insert into debts (id, driver_id, amount, customer_name, status, note, date, created_at) values ('exdebt4', 'tx12', 18000, 'Cô Duyên', 'pending', 'Nhập từ Excel T7', '01/06/2026', now()) on conflict (id) do nothing;
insert into debts (id, driver_id, amount, customer_name, status, note, date, created_at) values ('exdebt5', 'tx12', 18000, 'Duy Phương', 'resolved', 'Nhập từ Excel T7', '01/06/2026', now()) on conflict (id) do nothing;
insert into debts (id, driver_id, amount, customer_name, status, note, date, created_at) values ('exdebt6', 'tx12', 18000, 'Duy Phương', 'resolved', 'Nhập từ Excel T7', '01/06/2026', now()) on conflict (id) do nothing;
insert into debts (id, driver_id, amount, customer_name, status, note, date, created_at) values ('exdebt7', 'tx13', 56000, 'Thắng HĐ', 'resolved', 'Nhập từ Excel T7', '01/06/2026', now()) on conflict (id) do nothing;
insert into debts (id, driver_id, amount, customer_name, status, note, date, created_at) values ('exdebt8', 'tx3', 54000, 'Duy Phương', 'resolved', 'Nhập từ Excel T7', '01/06/2026', now()) on conflict (id) do nothing;
insert into debts (id, driver_id, amount, customer_name, status, note, date, created_at) values ('exdebt9', 'tx11', 150000, 'Duy Phương', 'resolved', 'Nhập từ Excel T7', '01/06/2026', now()) on conflict (id) do nothing;
insert into debts (id, driver_id, amount, customer_name, status, note, date, created_at) values ('exdebt10', 'tx2', 46000, 'Anh Toàn HH', 'resolved', 'Nhập từ Excel T7', '01/06/2026', now()) on conflict (id) do nothing;
insert into debts (id, driver_id, amount, customer_name, status, note, date, created_at) values ('exdebt11', 'tx21', 43000, 'Tuấn Thanh', 'pending', 'Nhập từ Excel T7', '01/06/2026', now()) on conflict (id) do nothing;
insert into debts (id, driver_id, amount, customer_name, status, note, date, created_at) values ('exdebt12', 'tx20', 83000, 'Anh Diễn BH', 'resolved', 'Nhập từ Excel T7', '03/06/2026', now()) on conflict (id) do nothing;
insert into debts (id, driver_id, amount, customer_name, status, note, date, created_at) values ('exdebt13', 'tx20', 36000, 'Chú Đạt', 'pending', 'Nhập từ Excel T7', '08/06/2026', now()) on conflict (id) do nothing;
insert into debts (id, driver_id, amount, customer_name, status, note, date, created_at) values ('exdebt14', 'tx21', 36000, 'Anh Đức', 'resolved', 'Nhập từ Excel T7', '08/06/2026', now()) on conflict (id) do nothing;
insert into debts (id, driver_id, amount, customer_name, status, note, date, created_at) values ('exdebt15', 'tx14', 23000, 'Anh Toàn HH', 'resolved', 'Nhập từ Excel T7', '09/06/2026', now()) on conflict (id) do nothing;
insert into debts (id, driver_id, amount, customer_name, status, note, date, created_at) values ('exdebt16', 'tx14', 138000, 'Anh Toàn HH', 'resolved', 'Nhập từ Excel T7', '09/06/2026', now()) on conflict (id) do nothing;
insert into debts (id, driver_id, amount, customer_name, status, note, date, created_at) values ('exdebt17', 'tx4', 40000, 'Chế Tiên', 'resolved', 'Nhập từ Excel T7', '10/06/2026', now()) on conflict (id) do nothing;
insert into debts (id, driver_id, amount, customer_name, status, note, date, created_at) values ('exdebt18', 'tx16', 54000, 'Nguyễn Lý', 'pending', 'Nhập từ Excel T7', '10/06/2026', now()) on conflict (id) do nothing;
insert into debts (id, driver_id, amount, customer_name, status, note, date, created_at) values ('exdebt19', 'tx4', 55000, 'Anh Triệu CA', 'resolved', 'Nhập từ Excel T7', '11/06/2026', now()) on conflict (id) do nothing;
insert into debts (id, driver_id, amount, customer_name, status, note, date, created_at) values ('exdebt20', 'tx11', 25000, 'Anh Triệu CA', 'resolved', 'Nhập từ Excel T7', '11/06/2026', now()) on conflict (id) do nothing;
insert into debts (id, driver_id, amount, customer_name, status, note, date, created_at) values ('exdebt21', 'tx14', 60000, 'Phong Đen', 'resolved', 'Nhập từ Excel T7', '11/06/2026', now()) on conflict (id) do nothing;
insert into debts (id, driver_id, amount, customer_name, status, note, date, created_at) values ('exdebt22', 'tx3', 53000, 'Phong Đen', 'resolved', 'Nhập từ Excel T7', '11/06/2026', now()) on conflict (id) do nothing;
insert into debts (id, driver_id, amount, customer_name, status, note, date, created_at) values ('exdebt23', 'tx11', 23000, 'Anh Toàn HH', 'resolved', 'Nhập từ Excel T7', '13/06/2026', now()) on conflict (id) do nothing;
insert into debts (id, driver_id, amount, customer_name, status, note, date, created_at) values ('exdebt24', 'tx14', 56000, 'Anh Duy Tatto', 'pending', 'Nhập từ Excel T7', '13/06/2026', now()) on conflict (id) do nothing;
insert into debts (id, driver_id, amount, customer_name, status, note, date, created_at) values ('exdebt25', 'tx20', 25000, 'Hữu Thạnh', 'resolved', 'Nhập từ Excel T7', '13/06/2026', now()) on conflict (id) do nothing;
insert into debts (id, driver_id, amount, customer_name, status, note, date, created_at) values ('exdebt26', 'tx19', 20000, 'Anh Toàn HH', 'resolved', 'Nhập từ Excel T7', '13/06/2026', now()) on conflict (id) do nothing;
insert into debts (id, driver_id, amount, customer_name, status, note, date, created_at) values ('exdebt27', 'tx12', 18000, 'Nguyễn Lý', 'pending', 'Nhập từ Excel T7', '13/06/2026', now()) on conflict (id) do nothing;
insert into debts (id, driver_id, amount, customer_name, status, note, date, created_at) values ('exdebt28', 'tx21', 54000, 'Duy Phương', 'resolved', 'Nhập từ Excel T7', '14/06/2026', now()) on conflict (id) do nothing;
insert into debts (id, driver_id, amount, customer_name, status, note, date, created_at) values ('exdebt29', 'tx3', 140000, 'Anh Toàn HH', 'resolved', 'Nhập từ Excel T7', '16/06/2026', now()) on conflict (id) do nothing;
insert into debts (id, driver_id, amount, customer_name, status, note, date, created_at) values ('exdebt30', 'tx6', 15000, 'Anh Toàn HH', 'resolved', 'Nhập từ Excel T7', '16/06/2026', now()) on conflict (id) do nothing;
insert into debts (id, driver_id, amount, customer_name, status, note, date, created_at) values ('exdebt31', 'tx3', 50000, 'Phong Đen', 'resolved', 'Nhập từ Excel T7', '16/06/2026', now()) on conflict (id) do nothing;
insert into debts (id, driver_id, amount, customer_name, status, note, date, created_at) values ('exdebt32', 'tx20', 46000, 'Anh Toàn HH', 'resolved', 'Nhập từ Excel T7', '16/06/2026', now()) on conflict (id) do nothing;
insert into debts (id, driver_id, amount, customer_name, status, note, date, created_at) values ('exdebt33', 'tx11', 59000, 'Anh Triệu CA', 'resolved', 'Nhập từ Excel T7', '16/06/2026', now()) on conflict (id) do nothing;
insert into debts (id, driver_id, amount, customer_name, status, note, date, created_at) values ('exdebt34', 'tx11', 55000, 'Anh Triệu CA', 'resolved', 'Nhập từ Excel T7', '16/06/2026', now()) on conflict (id) do nothing;
insert into debts (id, driver_id, amount, customer_name, status, note, date, created_at) values ('exdebt35', 'tx5', 18000, 'Anh Toàn HH', 'resolved', 'Nhập từ Excel T7', '16/06/2026', now()) on conflict (id) do nothing;
insert into debts (id, driver_id, amount, customer_name, status, note, date, created_at) values ('exdebt36', 'tx4', 33000, 'Chế Trúc', 'resolved', 'Nhập từ Excel T7', '16/06/2026', now()) on conflict (id) do nothing;
insert into debts (id, driver_id, amount, customer_name, status, note, date, created_at) values ('exdebt37', 'tx20', 20000, 'Anh Toàn HH', 'resolved', 'Nhập từ Excel T7', '17/06/2026', now()) on conflict (id) do nothing;
insert into debts (id, driver_id, amount, customer_name, status, note, date, created_at) values ('exdebt38', 'tx3', 56000, 'Anh Toàn HH', 'resolved', 'Nhập từ Excel T7', '17/06/2026', now()) on conflict (id) do nothing;
insert into debts (id, driver_id, amount, customer_name, status, note, date, created_at) values ('exdebt39', 'tx13', 18000, 'Anh Duy tatto', 'pending', 'Nhập từ Excel T7', '17/06/2026', now()) on conflict (id) do nothing;
insert into debts (id, driver_id, amount, customer_name, status, note, date, created_at) values ('exdebt40', NULL, 18000, 'Phong Đen', 'resolved', 'Nhập từ Excel T7', '18/06/2026', now()) on conflict (id) do nothing;
insert into debts (id, driver_id, amount, customer_name, status, note, date, created_at) values ('exdebt41', 'tx19', 59000, 'Anh Toàn HH', 'pending', 'Nhập từ Excel T7', '19/06/2026', now()) on conflict (id) do nothing;
insert into debts (id, driver_id, amount, customer_name, status, note, date, created_at) values ('exdebt42', NULL, 86000, 'Phong Đen', 'resolved', 'Nhập từ Excel T7', '20/06/2026', now()) on conflict (id) do nothing;
insert into debts (id, driver_id, amount, customer_name, status, note, date, created_at) values ('exdebt43', 'tx10', 45000, 'An Ghi', 'resolved', 'Nhập từ Excel T7', '20/06/2026', now()) on conflict (id) do nothing;
insert into debts (id, driver_id, amount, customer_name, status, note, date, created_at) values ('exdebt44', 'tx20', 146000, 'Thầy Nhân', 'pending', 'Nhập từ Excel T7', '20/06/2026', now()) on conflict (id) do nothing;
insert into debts (id, driver_id, amount, customer_name, status, note, date, created_at) values ('exdebt45', NULL, 135000, 'Tiến HĐ', 'resolved', 'Nhập từ Excel T7', '20/06/2026', now()) on conflict (id) do nothing;
insert into debts (id, driver_id, amount, customer_name, status, note, date, created_at) values ('exdebt46', 'tx20', 36000, 'Hữu Thạnh', 'resolved', 'Nhập từ Excel T7', '23/06/2026', now()) on conflict (id) do nothing;
insert into debts (id, driver_id, amount, customer_name, status, note, date, created_at) values ('exdebt47', 'tx12', 36000, 'Duy Phương', 'resolved', 'Nhập từ Excel T7', '23/06/2026', now()) on conflict (id) do nothing;
insert into debts (id, driver_id, amount, customer_name, status, note, date, created_at) values ('exdebt48', 'tx11', 280000, 'Hữu Thạnh', 'resolved', 'Nhập từ Excel T7', '23/06/2026', now()) on conflict (id) do nothing;
insert into debts (id, driver_id, amount, customer_name, status, note, date, created_at) values ('exdebt49', 'tx3', 72000, 'Phong Đen', 'resolved', 'Nhập từ Excel T7', '23/06/2026', now()) on conflict (id) do nothing;
insert into debts (id, driver_id, amount, customer_name, status, note, date, created_at) values ('exdebt50', 'tx22', 28000, 'Phong Đen', 'resolved', 'Nhập từ Excel T7', '23/06/2026', now()) on conflict (id) do nothing;
insert into debts (id, driver_id, amount, customer_name, status, note, date, created_at) values ('exdebt51', NULL, 18000, 'Nguyễn Lý', 'pending', 'Nhập từ Excel T7', '23/06/2026', now()) on conflict (id) do nothing;
insert into debts (id, driver_id, amount, customer_name, status, note, date, created_at) values ('exdebt52', 'tx13', 18000, 'Anh Duy tatto', 'pending', 'Nhập từ Excel T7', '23/06/2026', now()) on conflict (id) do nothing;
insert into debts (id, driver_id, amount, customer_name, status, note, date, created_at) values ('exdebt53', NULL, 36000, 'Chú Ngô', 'resolved', 'Nhập từ Excel T7', '23/06/2026', now()) on conflict (id) do nothing;
insert into debts (id, driver_id, amount, customer_name, status, note, date, created_at) values ('exdebt54', 'tx20', 66000, 'Duy Phương', 'resolved', 'Nhập từ Excel T7', '24/06/2026', now()) on conflict (id) do nothing;
insert into debts (id, driver_id, amount, customer_name, status, note, date, created_at) values ('exdebt55', 'tx22', 136000, 'Duy Phương', 'resolved', 'Nhập từ Excel T7', '24/06/2026', now()) on conflict (id) do nothing;
insert into debts (id, driver_id, amount, customer_name, status, note, date, created_at) values ('exdebt56', 'tx14', 72000, 'Nguyễn Lý', 'pending', 'Nhập từ Excel T7', '24/06/2026', now()) on conflict (id) do nothing;
insert into debts (id, driver_id, amount, customer_name, status, note, date, created_at) values ('exdebt57', 'tx14', 27000, 'Hữu Thạnh', 'resolved', 'Nhập từ Excel T7', '24/06/2026', now()) on conflict (id) do nothing;
insert into debts (id, driver_id, amount, customer_name, status, note, date, created_at) values ('exdebt58', 'tx14', 82000, 'Duy Phương', 'resolved', 'Nhập từ Excel T7', '25/06/2026', now()) on conflict (id) do nothing;
insert into debts (id, driver_id, amount, customer_name, status, note, date, created_at) values ('exdebt59', 'tx19', 20000, 'Duy Phương', 'resolved', 'Nhập từ Excel T7', '25/06/2026', now()) on conflict (id) do nothing;
insert into debts (id, driver_id, amount, customer_name, status, note, date, created_at) values ('exdebt60', 'tx6', 68000, 'Duy Phương', 'resolved', 'Nhập từ Excel T7', '28/06/2026', now()) on conflict (id) do nothing;
insert into debts (id, driver_id, amount, customer_name, status, note, date, created_at) values ('exdebt61', 'tx22', 46000, 'Chú Ngô', 'resolved', 'Nhập từ Excel T7', '28/09/2026', now()) on conflict (id) do nothing;
insert into debts (id, driver_id, amount, customer_name, status, note, date, created_at) values ('exdebt62', 'tx6', 36000, 'Chú Ngô', 'resolved', 'Nhập từ Excel T7', '28/09/2026', now()) on conflict (id) do nothing;
insert into debts (id, driver_id, amount, customer_name, status, note, date, created_at) values ('exdebt63', 'tx10', 66000, 'Chú Ngô', 'resolved', 'Nhập từ Excel T7', '28/09/2026', now()) on conflict (id) do nothing;
insert into debts (id, driver_id, amount, customer_name, status, note, date, created_at) values ('exdebt64', 'tx20', 27000, 'Anh Triệu CA', 'pending', 'Nhập từ Excel T7', '29/06/2026', now()) on conflict (id) do nothing;
insert into debts (id, driver_id, amount, customer_name, status, note, date, created_at) values ('exdebt65', 'tx18', 42000, 'Anh Toàn HH', 'pending', 'Nhập từ Excel T7', '29/06/2026', now()) on conflict (id) do nothing;
insert into debts (id, driver_id, amount, customer_name, status, note, date, created_at) values ('exdebt66', 'tx6', 36000, 'Anh Toàn HH', 'pending', 'Nhập từ Excel T7', '29/06/2026', now()) on conflict (id) do nothing;
insert into debts (id, driver_id, amount, customer_name, status, note, date, created_at) values ('exdebt67', 'tx11', 86000, 'Chú Ngô', 'resolved', 'Nhập từ Excel T7', '29/06/2026', now()) on conflict (id) do nothing;
insert into debts (id, driver_id, amount, customer_name, status, note, date, created_at) values ('exdebt68', 'tx22', 106000, 'Chú Ngô', 'resolved', 'Nhập từ Excel T7', '29/06/2026', now()) on conflict (id) do nothing;
insert into debts (id, driver_id, amount, customer_name, status, note, date, created_at) values ('exdebt69', 'tx6', 30000, 'Hữu Thạnh', 'resolved', 'Nhập từ Excel T7', '30/06/2026', now()) on conflict (id) do nothing;
insert into debts (id, driver_id, amount, customer_name, status, note, date, created_at) values ('exdebt70', 'tx23', 36000, 'Hữu Thạnh', 'resolved', 'Nhập từ Excel T7', '30/06/2026', now()) on conflict (id) do nothing;
insert into debts (id, driver_id, amount, customer_name, status, note, date, created_at) values ('exdebt71', 'tx20', 38000, 'Phong Đen', 'pending', 'Nhập từ Excel T7', '30/06/2026', now()) on conflict (id) do nothing;
insert into debts (id, driver_id, amount, customer_name, status, note, date, created_at) values ('exdebt72', 'tx22', 24000, 'Chú Ngô', 'resolved', 'Nhập từ Excel T7', '30/06/2026', now()) on conflict (id) do nothing;
insert into debts (id, driver_id, amount, customer_name, status, note, date, created_at) values ('exdebt73', 'tx18', 46000, 'Anh Thống', 'pending', 'Nhập từ Excel T7', '30/06/2026', now()) on conflict (id) do nothing;
insert into debts (id, driver_id, amount, customer_name, status, note, date, created_at) values ('exdebt74', 'tx12', 60000, 'Phú An P10', 'pending', 'Nhập từ Excel T7', '01/07/2026', now()) on conflict (id) do nothing;
insert into debts (id, driver_id, amount, customer_name, status, note, date, created_at) values ('exdebt75', 'tx16', 112000, 'Phú An P10', 'pending', 'Nhập từ Excel T7', '01/07/2026', now()) on conflict (id) do nothing;
insert into debts (id, driver_id, amount, customer_name, status, note, date, created_at) values ('exdebt76', 'tx23', 172000, 'Duy Phương', 'pending', 'Nhập từ Excel T7', '01/07/2026', now()) on conflict (id) do nothing;
insert into debts (id, driver_id, amount, customer_name, status, note, date, created_at) values ('exdebt77', 'tx23', 162000, 'Duy Phương', 'pending', 'Nhập từ Excel T7', '02/07/2026', now()) on conflict (id) do nothing;
insert into debts (id, driver_id, amount, customer_name, status, note, date, created_at) values ('exdebt78', 'tx22', 33000, 'Anh Duy tatto', 'pending', 'Nhập từ Excel T7', '02/07/2026', now()) on conflict (id) do nothing;
insert into debts (id, driver_id, amount, customer_name, status, note, date, created_at) values ('exdebt79', 'tx14', 158000, 'Mai An', 'pending', 'Nhập từ Excel T7', '03/07/2026', now()) on conflict (id) do nothing;
insert into debts (id, driver_id, amount, customer_name, status, note, date, created_at) values ('exdebt80', 'tx11', 56000, 'Phong Đen', 'pending', 'Nhập từ Excel T7', '03/07/2026', now()) on conflict (id) do nothing;
insert into debts (id, driver_id, amount, customer_name, status, note, date, created_at) values ('exdebt81', 'tx22', 18000, 'Anh Toàn HH', 'pending', 'Nhập từ Excel T7', '03/07/2026', now()) on conflict (id) do nothing;
insert into debts (id, driver_id, amount, customer_name, status, note, date, created_at) values ('exdebt82', 'tx14', 53000, 'Nguyễn Lý', 'pending', 'Nhập từ Excel T7', '04/07/2026', now()) on conflict (id) do nothing;
insert into debts (id, driver_id, amount, customer_name, status, note, date, created_at) values ('exdebt83', 'tx20', 54000, 'Nguyễn Lý', 'pending', 'Nhập từ Excel T7', '04/07/2026', now()) on conflict (id) do nothing;
insert into debts (id, driver_id, amount, customer_name, status, note, date, created_at) values ('exdebt84', 'tx6', 36000, 'Phong Đen', 'pending', 'Nhập từ Excel T7', '04/07/2026', now()) on conflict (id) do nothing;